广西壮族自治区,南宁城区,26.3
广西壮族自治区,邕宁,21.8
广西壮族自治区,南宁,21.0
广西壮族自治区,金秀,20.4
广西壮族自治区,马山,19.0
广西壮族自治区,天等,17.2
广西壮族自治区,蒙山,14.0
广西壮族自治区,隆安,13.9
广西壮族自治区,平果,13.7
广西壮族自治区,扶绥,13.2
广西壮族自治区,上林,13.0
广西壮族自治区,龙州,12.7
广西壮族自治区,象州,12.5
广西壮族自治区,大新,11.8
广西壮族自治区,昭平,11.7
广西壮族自治区,都安,11.4
广西壮族自治区,东兴,11.1
广西壮族自治区,凭祥,11.1
广西壮族自治区,来宾,10.8
广西壮族自治区,横县,10.8
广西壮族自治区,宁明,10.7
广西壮族自治区,宾阳,10.6
广西壮族自治区,贵港,10.4
广西壮族自治区,德保,10.0
广西壮族自治区,平乐,9.7
广西壮族自治区,武鸣,9.4
广西壮族自治区,武宣,9.1
广西壮族自治区,阳朔,8.6
广西壮族自治区,灵山,8.1
广西壮族自治区,忻城,7.9
广西壮族自治区,荔浦,7.9
广西壮族自治区,柳江,7.8
广西壮族自治区,田东,7.7
新疆维吾尔自治区,富蕴,7.7
广西壮族自治区,靖西,7.7
广西壮族自治区,崇左,7.7
新疆维吾尔自治区,新源,7.0
广西壮族自治区,容县,7.0
广西壮族自治区,防城,6.8
新疆维吾尔自治区,巩留,6.7
新疆维吾尔自治区,裕民,6.6
新疆维吾尔自治区,伊宁县,6.4
广西壮族自治区,鹿寨,6.3
广西壮族自治区,博白,6.2
广西壮族自治区,柳州,6.2
新疆维吾尔自治区,莫索湾,6.0
广西壮族自治区,巴马,5.9
贵州省,独山,5.9
广西壮族自治区,藤县,5.9
广西壮族自治区,玉林,5.7
广西壮族自治区,永福,5.7
贵州省,平塘,5.7
新疆维吾尔自治区,青河,5.4
广西壮族自治区,恭城,5.0
新疆维吾尔自治区,察布查尔,4.9
广西壮族自治区,陆川,4.8
新疆维吾尔自治区,伊宁市,4.8
新疆维吾尔自治区,尼勒克,4.8
贵州省,惠水,4.8
广西壮族自治区,柳城,4.7
贵州省,榕江,4.6
贵州省,都匀,4.4
新疆维吾尔自治区,塔城,4.2
广西壮族自治区,平南,4.0
广西壮族自治区,防城港,4.0
广西壮族自治区,浦北,3.9
广西壮族自治区,三江,3.8
广西壮族自治区,钟山,3.8
广西壮族自治区,上思,3.7
贵州省,贞丰,3.7
广西壮族自治区,梧州,3.6
广西壮族自治区,凌云,3.2
广西壮族自治区,河池,3.2
广西壮族自治区,钦州,3.1
广西壮族自治区,桂林,3.1
广西壮族自治区,百色,3.0
广西壮族自治区,桂平,3.0
广西壮族自治区,乐业,2.8
贵州省,三都,2.8
广西壮族自治区,环江,2.8
广西壮族自治区,宜州,2.7
广西壮族自治区,东兰,2.7
广西壮族自治区,田阳,2.6
新疆维吾尔自治区,额敏,2.5
贵州省,兴义,2.5
新疆维吾尔自治区,托里,2.4
广西壮族自治区,罗城,2.4
广东省,封开,2.3
广西壮族自治区,贺州,2.3
广西壮族自治区,临桂,2.2
广西壮族自治区,融安,2.1
贵州省,从江,2.0
广东省,高州,2.0
新疆维吾尔自治区,昌吉,1.9
广西壮族自治区,凤山,1.9
广西壮族自治区,龙胜,1.8
贵州省,黎平,1.8
新疆维吾尔自治区,霍城,1.8
新疆维吾尔自治区,昭苏,1.8
新疆维吾尔自治区,呼图壁,1.7
贵州省,兴仁,1.7
贵州省,晴隆,1.7
福建省,东山,1.7
贵州省,丹寨,1.6
新疆维吾尔自治区,沙湾,1.6
新疆维吾尔自治区,西白杨沟,1.4
新疆维吾尔自治区,米东区,1.4
新疆维吾尔自治区,特克斯,1.4
吉林省,二道,1.4
贵州省,雷山,1.4
贵州省,册亨,1.4
新疆维吾尔自治区,炮台,1.4
广西壮族自治区,南丹,1.3
贵州省,盘州,1.3
新疆维吾尔自治区,乌鲁木齐,1.3
贵州省,安龙,1.2
江西省,上栗,1.2
贵州省,凯里,1.2
新疆维吾尔自治区,吉木乃,1.2
广西壮族自治区,隆林,1.2
广东省,信宜,1.2
新疆维吾尔自治区,阿拉山口,1.2
广西壮族自治区,龙圩,1.2
新疆维吾尔自治区,蔡家湖,1.1
云南省,曲靖,1.1
广西壮族自治区,岑溪,1.1
广西壮族自治区,那坡,1.1
广东省,德庆,1.1
吉林省,东岗,1.1
新疆维吾尔自治区,乌苏,1.0
贵州省,六枝,1.0
新疆维吾尔自治区,小渠子,1.0
贵州省,荔波,1.0
新疆维吾尔自治区,阜康,0.9
云南省,罗平,0.9
新疆维吾尔自治区,玛纳斯,0.9
新疆维吾尔自治区,石河子,0.9
贵州省,紫云,0.9
广西壮族自治区,融水,0.9
新疆维吾尔自治区,木垒,0.8
广西壮族自治区,富川,0.8
新疆维吾尔自治区,克拉玛依,0.7
湖南省,通道,0.7
广东省,郁南,0.7
广西壮族自治区,北流,0.7
贵州省,望谟,0.7
黑龙江省,延寿,0.7
广东省,云浮,0.7
云南省,富源,0.7
黑龙江省,塔河,0.6
贵州省,普安,0.6
黑龙江省,哈尔滨,0.6
广东省,茂名,0.6
黑龙江省,虎林,0.6
云南省,麻栗坡,0.6
贵州省,台江,0.6
黑龙江省,依兰,0.6
广西壮族自治区,天峨,0.6
新疆维吾尔自治区,奇台,0.6
新疆维吾尔自治区,天池,0.6
贵州省,长顺,0.6
陕西省,周至,0.5
贵州省,关岭,0.5
云南省,河口,0.5
新疆维吾尔自治区,布尔津,0.5
吉林省,安图,0.5
云南省,马关,0.5
湖南省,武冈,0.5
云南省,西畴,0.5
新疆维吾尔自治区,哈巴河,0.5
黑龙江省,通河,0.5
新疆维吾尔自治区,吉木萨尔,0.4
贵州省,剑河,0.4
黑龙江省,桦南,0.4
黑龙江省,铁力,0.4
湖南省,新化,0.4
广东省,雷州,0.4
广东省,五华,0.3
黑龙江省,绥芬河,0.3
广西壮族自治区,合浦,0.3
黑龙江省,木兰,0.3
四川省,红原,0.3
贵州省,纳雍,0.3
内蒙古自治区,图里河,0.3
湖南省,溆浦,0.3
贵州省,龙里,0.3
黑龙江省,伊春,0.2
广西壮族自治区,灵川,0.2
贵州省,水城,0.2
云南省,屏边,0.2
陕西省,西乡,0.2
黑龙江省,尚志,0.2
黑龙江省,双鸭山,0.2
黑龙江省,鸡东,0.2
贵州省,罗甸,0.2
新疆维吾尔自治区,霍尔果斯,0.2
贵州省,安顺,0.2
贵州省,普定,0.2
广东省,怀集,0.2
黑龙江省,巴彦,0.2
黑龙江省,富裕,0.2
黑龙江省,汤原,0.2
新疆维吾尔自治区,阿勒泰,0.2
黑龙江省,宝清,0.2
黑龙江省,穆棱,0.2
新疆维吾尔自治区,温泉,0.2
四川省,渠县,0.2
黑龙江省,集贤,0.2
黑龙江省,密山,0.2
黑龙江省,黑河,0.2
贵州省,织金,0.2
四川省,通江,0.1
辽宁省,兴城,0.1
贵州省,锦屏,0.1
黑龙江省,兰西,0.1
江西省,万年,0.1
重庆市,秀山,0.1
贵州省,思南,0.1
广东省,连山,0.1
四川省,华蓥,0.1
贵州省,镇宁,0.1
云南省,镇雄,0.1
广东省,阳山,0.1
黑龙江省,勃利,0.1
贵州省,正安,0.1
山西省,太谷,0.1
山东省,昌乐,0.1
山西省,寿阳,0.1
吉林省,白山,0.1
黑龙江省,克山,0.1
黑龙江省,方正,0.1
贵州省,平坝,0.1
黑龙江省,绥化,0.1
四川省,三台,0.1
重庆市,忠县,0.1
山东省,武城,0.1
贵州省,毕节,0.1
安徽省,灵璧,0.1
黑龙江省,五常,0.1
黑龙江省,七台河,0.1
吉林省,敦化,0.1
重庆市,丰都,0.1
山东省,蓬莱,0.1
浙江省,江北,0.1
黑龙江省,宾县,0.1
贵州省,花溪,0.1
河北省,围场,0.1
云南省,鹤庆,0.1
黑龙江省,佳木斯,0.1
湖南省,蓝山,0.1
黑龙江省,庆安,0.1
河北省,景县,0.1
黑龙江省,友谊,0.1
四川省,松潘,0.1
黑龙江省,绥滨,0.1
黑龙江省,依安,0.1
湖南省,江华,0.1
黑龙江省,明水,0.1
山东省,平原,0.1
内蒙古自治区,索伦,0.1
河北省,高阳,0.0
河北省,武强,0.0
江苏省,吴江,0.0
浙江省,瑞安,0.0
河南省,平顶山,0.0
海南省,昌江,0.0
四川省,仪陇,0.0
西藏自治区,昌都,0.0
西藏自治区,尼玛,0.0
陕西省,彬州,0.0
陕西省,大荔,0.0
甘肃省,崇信,0.0
河北省,保定,0.0
河北省,尚义,0.0
河北省,盐山,0.0
辽宁省,岫岩,0.0
江苏省,泗洪,0.0
福建省,上杭,0.0
福建省,漳浦,0.0
山东省,无棣,0.0
湖南省,华容,0.0
广东省,乐昌,0.0
云南省,禄丰,0.0
西藏自治区,边坝,0.0
陕西省,神木,0.0
天津市,宁河,0.0
河北省,广平,0.0
河北省,深州,0.0
山西省,应县,0.0
安徽省,萧县,0.0
福建省,邵武,0.0
山东省,东明,0.0
河南省,信阳,0.0
河南省,修武,0.0
湖南省,醴陵,0.0
海南省,乐东,0.0
陕西省,华阴,0.0
河北省,泊头,0.0
内蒙古自治区,小二沟,0.0
江苏省,兴化,0.0
浙江省,岱山,0.0
福建省,武夷山,0.0
河南省,孟州,0.0
河南省,新野,0.0
湖北省,浠水,0.0
海南省,保亭,0.0
四川省,汶川,0.0
贵州省,道真,0.0
新疆维吾尔自治区,巴仑台,0.0
内蒙古自治区,康巴什区,0.0
内蒙古自治区,托克托,0.0
吉林省,辽源,0.0
浙江省,诸暨,0.0
江西省,横峰,0.0
四川省,合江,0.0
贵州省,大方,0.0
云南省,洱源,0.0
天津市,静海,0.0
河北省,清河,0.0
河北省,徐水,0.0
河北省,藁城,0.0
山西省,保德,0.0
内蒙古自治区,呼和浩特,0.0
内蒙古自治区,陈巴尔虎旗,0.0
广东省,陆丰,0.0
云南省,思茅,0.0
甘肃省,榆中,0.0
新疆维吾尔自治区,巴里坤,0.0
河北省,兴隆,0.0
河北省,涞源,0.0
山西省,吕梁,0.0
山西省,沁源,0.0
内蒙古自治区,阿荣旗,0.0
黑龙江省,龙江,0.0
山东省,肥城,0.0
河南省,镇平,0.0
湖北省,广水,0.0
重庆市,黔江,0.0
四川省,雅江,0.0
贵州省,赤水,0.0
云南省,晋宁,0.0
西藏自治区,加查,0.0
西藏自治区,左贡,0.0
河北省,唐县,0.0
内蒙古自治区,赛罕区,0.0
江苏省,通州,0.0
江苏省,沭阳,0.0
安徽省,凤阳,0.0
河南省,内乡,0.0
河南省,平舆,0.0
湖北省,五峰,0.0
湖南省,韶山,0.0
湖南省,沅江,0.0
广东省,珠海,0.0
四川省,广汉,0.0
四川省,会理,0.0
四川省,马尔康,0.0
四川省,什邡,0.0
西藏自治区,工布江达,0.0
陕西省,延川,0.0
陕西省,镇巴,0.0
河北省,容城,0.0
山西省,神池,0.0
安徽省,泗县,0.0
广东省,连州,0.0
云南省,永胜,0.0
山西省,左云,0.0
江苏省,东海,0.0
江西省,莲花,0.0
河南省,卫辉,0.0
广东省,中山,0.0
云南省,禄劝,0.0
西藏自治区,康马,0.0
新疆维吾尔自治区,洛浦,0.0
河北省,宣化,0.0
山西省,左权,0.0
吉林省,长春,0.0
安徽省,青阳,0.0
江西省,泰和,0.0
河南省,内黄,0.0
河南省,新安,0.0
湖北省,黄冈,0.0
广东省,韶关,0.0
四川省,高县,0.0
贵州省,赫章,0.0
贵州省,仁怀,0.0
西藏自治区,错那,0.0
青海省,兴海,0.0
河北省,隆尧,0.0
山西省,河津,0.0
吉林省,柳河,0.0
江苏省,常熟,0.0
江西省,丰城,0.0
湖北省,咸宁,0.0
湖北省,宜城,0.0
四川省,宝兴,0.0
贵州省,黔西,0.0
西藏自治区,察雅,0.0
西藏自治区,措美,0.0
青海省,曲麻莱,0.0
新疆维吾尔自治区,哈密,0.0
新疆维吾尔自治区,塔什库尔干,0.0
山西省,和顺,0.0
内蒙古自治区,雅布赖,0.0
辽宁省,凌源,0.0
江西省,抚州,0.0
江西省,鹰潭,0.0
江西省,都昌,0.0
山东省,宁阳,0.0
贵州省,白云,0.0
西藏自治区,仁布,0.0
甘肃省,迭部,0.0
山西省,小店,0.0
山西省,云州区,0.0
内蒙古自治区,拐子湖,0.0
辽宁省,北镇,0.0
江苏省,新沂,0.0
安徽省,祁门,0.0
安徽省,无为,0.0
福建省,安溪,0.0
山东省,冠县,0.0
湖北省,钟祥,0.0
重庆市,城口,0.0
贵州省,凤冈,0.0
青海省,囊谦,0.0
新疆维吾尔自治区,和静,0.0
河北省,大名,0.0
内蒙古自治区,和林格尔,0.0
辽宁省,台安,0.0
吉林省,辉南,0.0
江苏省,姜堰,0.0
浙江省,临安,0.0
安徽省,马鞍山,0.0
安徽省,界首,0.0
江西省,厦坪,0.0
河南省,沈丘,0.0
湖北省,兴山,0.0
湖南省,常宁,0.0
广东省,吴川,0.0
云南省,姚安,0.0
青海省,久治,0.0
山东省,阳信,0.0
河南省,汝阳,0.0
湖北省,京山,0.0
四川省,丹巴,0.0
四川省,岳池,0.0
内蒙古自治区,鄂温克旗,0.0
上海市,金山,0.0
浙江省,宁波,0.0
浙江省,桐乡,0.0
福建省,光泽,0.0
福建省,沙县,0.0
河南省,荥阳,0.0
陕西省,旬邑,0.0
青海省,德令哈,0.0
青海省,循化,0.0
新疆维吾尔自治区,轮台,0.0
山西省,交口,0.0
内蒙古自治区,海拉尔,0.0
内蒙古自治区,孪井滩,0.0
吉林省,松原,0.0
山东省,茌平,0.0
湖北省,夷陵区,0.0
湖北省,远安,0.0
湖南省,安乡,0.0
贵州省,清镇,0.0
云南省,会泽,0.0
西藏自治区,班戈,0.0
陕西省,志丹,0.0
河北省,阜平,0.0
河北省,满城,0.0
河北省,易县,0.0
山西省,霍州,0.0
内蒙古自治区,扎鲁特旗,0.0
黑龙江省,林甸,0.0
江苏省,太仓,0.0
江西省,庐山,0.0
山东省,昌邑,0.0
湖南省,衡阳市,0.0
湖南省,炎陵,0.0
广东省,龙门,0.0
四川省,色达,0.0
宁夏回族自治区,中宁,0.0
新疆维吾尔自治区,福海,0.0
河北省,沧州,0.0
安徽省,巢湖,0.0
安徽省,怀远,0.0
河南省,西平,0.0
西藏自治区,墨竹工卡,0.0
新疆维吾尔自治区,阿合奇,0.0
江苏省,扬州,0.0
浙江省,余杭,0.0
福建省,泉州,0.0
福建省,同安,0.0
山东省,乳山,0.0
湖南省,衡阳县,0.0
湖南省,桃江,0.0
湖南省,新田,0.0
北京市,通州,0.0
上海市,松江,0.0
山东省,高密,0.0
四川省,仁和,0.0
陕西省,旬阳,0.0
甘肃省,和政,0.0
青海省,门源,0.0
河北省,大厂,0.0
河北省,万全,0.0
山西省,芮城,0.0
内蒙古自治区,满都拉,0.0
内蒙古自治区,苏尼特右旗,0.0
浙江省,湖州,0.0
山东省,海阳,0.0
河南省,夏邑,0.0
广东省,四会,0.0
重庆市,垫江,0.0
四川省,资阳,0.0
四川省,新龙,0.0
云南省,大理,0.0
云南省,呈贡,0.0
西藏自治区,白朗,0.0
天津市,天津,0.0
安徽省,歙县,0.0
江西省,分宜,0.0
江西省,湖口,0.0
山东省,胶州,0.0
河南省,周口,0.0
河南省,濮阳,0.0
湖北省,来凤,0.0
云南省,腾冲,0.0
山西省,洪洞,0.0
辽宁省,辽阳,0.0
辽宁省,桓仁,0.0
吉林省,大安,0.0
浙江省,象山,0.0
安徽省,六安,0.0
安徽省,天长,0.0
四川省,得荣,0.0
四川省,金堂,0.0
云南省,双江,0.0
新疆维吾尔自治区,尉犁,0.0
河北省,抚宁,0.0
河北省,遵化,0.0
内蒙古自治区,临河,0.0
内蒙古自治区,镶黄旗,0.0
安徽省,合肥,0.0
安徽省,利辛,0.0
云南省,福贡,0.0
云南省,景谷,0.0
甘肃省,两当,0.0
青海省,河南,0.0
内蒙古自治区,白云鄂博,0.0
内蒙古自治区,额济纳旗,0.0
吉林省,龙井,0.0
湖南省,澧县,0.0
广东省,和平,0.0
贵州省,碧江,0.0
云南省,蒙自,0.0
云南省,师宗,0.0
山西省,中阳,0.0
浙江省,温岭,0.0
福建省,漳州,0.0
山东省,曹县,0.0
云南省,盈江,0.0
陕西省,商南,0.0
河北省,承德县,0.0
河北省,东光,0.0
河北省,内丘,0.0
山西省,永济,0.0
内蒙古自治区,通辽,0.0
辽宁省,营口,0.0
黑龙江省,青冈,0.0
安徽省,黟县,0.0
河南省,渑池,0.0
湖北省,麻城,0.0
四川省,蓬溪,0.0
贵州省,金沙,0.0
云南省,昌宁,0.0
云南省,云县,0.0
陕西省,黄陵,0.0
河北省,丰宁,0.0
内蒙古自治区,磴口,0.0
辽宁省,瓦房店,0.0
黑龙江省,北安,0.0
江苏省,盐城,0.0
江苏省,盱眙,0.0
江苏省,建湖,0.0
安徽省,泾县,0.0
广东省,新丰,0.0
四川省,洪雅,0.0
贵州省,绥阳,0.0
陕西省,陇县,0.0
甘肃省,永登,0.0
河北省,沽源,0.0
山西省,朔州,0.0
辽宁省,长海,0.0
辽宁省,东港,0.0
浙江省,定海,0.0
安徽省,舒城,0.0
山东省,兰陵,0.0
四川省,新津,0.0
云南省,石屏,0.0
云南省,永仁,0.0
西藏自治区,林芝,0.0
甘肃省,卓尼,0.0
山东省,济宁,0.0
山东省,莱芜,0.0
河南省,孟津,0.0
河南省,鄢陵,0.0
湖南省,新邵,0.0
广东省,大埔,0.0
四川省,昭觉,0.0
贵州省,岑巩,0.0
云南省,宾川,0.0
西藏自治区,昂仁,0.0
西藏自治区,察隅,0.0
新疆维吾尔自治区,库车,0.0
新疆维吾尔自治区,塔中,0.0
北京市,石景山,0.0
河北省,宁晋,0.0
安徽省,旌德,0.0
江西省,鄱阳,0.0
云南省,双柏,0.0
云南省,镇沅,0.0
甘肃省,陇西,0.0
河北省,怀来,0.0
河北省,临漳,0.0
河北省,灵寿,0.0
河北省,南宫,0.0
河北省,南和,0.0
山西省,壶关,0.0
辽宁省,黑山,0.0
吉林省,吉林,0.0
浙江省,椒江,0.0
浙江省,上虞,0.0
安徽省,含山,0.0
四川省,甘孜,0.0
四川省,江油,0.0
四川省,雷波,0.0
四川省,荣县,0.0
四川省,武胜,0.0
云南省,宁洱,0.0
宁夏回族自治区,永宁,0.0
北京市,房山,0.0
河北省,晋州,0.0
浙江省,松阳,0.0
河南省,灵宝,0.0
河南省,通许,0.0
广东省,龙川,0.0
重庆市,巫山,0.0
四川省,西昌,0.0
四川省,苍溪,0.0
四川省,万源,0.0
四川省,新都,0.0
云南省,凤庆,0.0
云南省,孟连,0.0
甘肃省,白银,0.0
黑龙江省,饶河,0.0
江苏省,金湖,0.0
江西省,峡江,0.0
江西省,寻乌,0.0
山东省,文登,0.0
四川省,壤塘,0.0
贵州省,息烽,0.0
云南省,祥云,0.0
云南省,宣威,0.0
甘肃省,金昌,0.0
甘肃省,会宁,0.0
山西省,襄汾,0.0
江苏省,泗阳,0.0
浙江省,开化,0.0
福建省,将乐,0.0
河南省,巩义,0.0
河南省,永城,0.0
湖北省,当阳,0.0
湖南省,沅陵,0.0
广东省,清远,0.0
四川省,纳溪,0.0
四川省,若尔盖,0.0
四川省,盐亭,0.0
云南省,牟定,0.0
陕西省,淳化,0.0
陕西省,富县,0.0
陕西省,韩城,0.0
陕西省,潼关,0.0
山西省,临猗,0.0
山西省,永和,0.0
山西省,绛县,0.0
内蒙古自治区,巴林右旗,0.0
内蒙古自治区,锡林浩特,0.0
江苏省,溧阳,0.0
浙江省,遂昌,0.0
福建省,华安,0.0
山东省,平度,0.0
山东省,汶上,0.0
河南省,辉县,0.0
湖南省,怀化,0.0
四川省,南江,0.0
四川省,平昌,0.0
四川省,普格,0.0
贵州省,镇远,0.0
山西省,潞城,0.0
内蒙古自治区,博克图,0.0
江苏省,高淳,0.0
浙江省,慈溪,0.0
安徽省,固镇,0.0
福建省,龙岩,0.0
山东省,东阿,0.0
湖北省,枝江,0.0
海南省,东方,0.0
贵州省,福泉,0.0
贵州省,乌当,0.0
西藏自治区,聂荣,0.0
西藏自治区,日土,0.0
新疆维吾尔自治区,博湖,0.0
新疆维吾尔自治区,于田,0.0
内蒙古自治区,牙克石,0.0
上海市,徐家汇,0.0
福建省,莆田,0.0
山东省,新泰,0.0
河南省,栾川,0.0
湖北省,松滋,0.0
云南省,南华,0.0
云南省,易门,0.0
甘肃省,永靖,0.0
新疆维吾尔自治区,乌什,0.0
福建省,永安,0.0
福建省,政和,0.0
江西省,德安,0.0
河南省,卢氏,0.0
海南省,陵水,0.0
四川省,名山,0.0
云南省,维西,0.0
西藏自治区,岗巴,0.0
陕西省,山阳,0.0
甘肃省,临潭,0.0
内蒙古自治区,卓资,0.0
浙江省,富阳,0.0
江西省,新余,0.0
广东省,遂溪,0.0
西藏自治区,贡觉,0.0
西藏自治区,米林,0.0
河北省,崇礼,0.0
江西省,共青城,0.0
山东省,栖霞,0.0
河南省,长垣,0.0
河南省,上蔡,0.0
湖北省,鄂州,0.0
湖南省,祁东,0.0
重庆市,江津,0.0
贵州省,天柱,0.0
内蒙古自治区,新巴尔虎左旗,0.0
山东省,东平,0.0
河南省,息县,0.0
湖南省,娄底,0.0
重庆市,巴南,0.0
青海省,玛沁,0.0
青海省,冷湖,0.0
河北省,南皮,0.0
内蒙古自治区,敖汉旗,0.0
浙江省,仙居,0.0
江西省,贵溪,0.0
江西省,宜春,0.0
江西省,石城,0.0
河南省,汝南,0.0
湖北省,丹江口,0.0
广东省,广宁,0.0
甘肃省,宕昌,0.0
新疆维吾尔自治区,叶城,0.0
北京市,延庆,0.0
内蒙古自治区,宝国图,0.0
江苏省,靖江,0.0
安徽省,池州,0.0
安徽省,临泉,0.0
山东省,成山头,0.0
山东省,高唐,0.0
四川省,大邑,0.0
四川省,木里,0.0
贵州省,黄平,0.0
云南省,沾益,0.0
陕西省,定边,0.0
山西省,介休,0.0
吉林省,通化,0.0
安徽省,铜陵,0.0
安徽省,霍邱,0.0
山东省,沂水,0.0
广西壮族自治区,全州,0.0
四川省,乡城,0.0
陕西省,黄龙,0.0
天津市,滨海新区,0.0
河北省,阜城,0.0
浙江省,云和,0.0
浙江省,缙云,0.0
安徽省,广德,0.0
安徽省,桐城,0.0
安徽省,砀山,0.0
广东省,惠东,0.0
广东省,台山,0.0
四川省,梓潼,0.0
云南省,永善,0.0
陕西省,安康,0.0
辽宁省,法库,0.0
上海市,奉贤,0.0
安徽省,南陵,0.0
陕西省,绥德,0.0
新疆维吾尔自治区,阿图什,0.0
河北省,文安,0.0
江苏省,如东,0.0
福建省,尤溪,0.0
山东省,利津,0.0
广东省,紫金,0.0
宁夏回族自治区,陶乐,0.0
河北省,安平,0.0
内蒙古自治区,乌斯太,0.0
辽宁省,庄河,0.0
浙江省,建德,0.0
浙江省,路桥,0.0
福建省,屏南,0.0
江西省,进贤,0.0
四川省,长宁,0.0
陕西省,太白,0.0
甘肃省,秦安,0.0
青海省,尖扎,0.0
江西省,南康,0.0
河南省,唐河,0.0
湖南省,株洲,0.0
广东省,博罗,0.0
四川省,剑阁,0.0
西藏自治区,狮泉河,0.0
陕西省,宜川,0.0
山西省,长子,0.0
内蒙古自治区,五原,0.0
浙江省,萧山,0.0
山东省,微山,0.0
河南省,潢川,0.0
重庆市,梁平,0.0
四川省,大竹,0.0
四川省,九龙,0.0
四川省,开江,0.0
西藏自治区,日喀则,0.0
陕西省,长武,0.0
陕西省,乾县,0.0
山西省,闻喜,0.0
山西省,五台,0.0
黑龙江省,嘉荫,0.0
安徽省,怀宁,0.0
湖北省,孝感,0.0
四川省,仁寿,0.0
贵州省,沿河,0.0
西藏自治区,吉隆,0.0
甘肃省,渭源,0.0
新疆维吾尔自治区,博乐,0.0
北京市,密云,0.0
山西省,柳林,0.0
山西省,屯留,0.0
黑龙江省,漠河,0.0
安徽省,亳州,0.0
福建省,武平,0.0
湖北省,利川,0.0
湖南省,辰溪,0.0
广东省,揭西,0.0
四川省,井研,0.0
四川省,绵竹,0.0
陕西省,高陵,0.0
甘肃省,酒泉,0.0
宁夏回族自治区,青铜峡,0.0
新疆维吾尔自治区,英吉沙,0.0
山西省,沁水,0.0
内蒙古自治区,阿巴嘎旗,0.0
安徽省,全椒,0.0
福建省,古田,0.0
福建省,建瓯,0.0
河南省,济源,0.0
湖南省,湘江新区,0.0
广东省,从化,0.0
四川省,攀枝花,0.0
四川省,德昌,0.0
云南省,绥江,0.0
西藏自治区,丁青,0.0
甘肃省,玉门,0.0
山西省,定襄,0.0
山西省,侯马,0.0
江苏省,泰州,0.0
山东省,嘉祥,0.0
山东省,招远,0.0
新疆维吾尔自治区,托克逊,0.0
河北省,巨鹿,0.0
河北省,滦平,0.0
山西省,尖草坪,0.0
江苏省,滨海,0.0
安徽省,九华山,0.0
江西省,瑞昌,0.0
江西省,遂川,0.0
湖南省,宜章,0.0
云南省,陆良,0.0
西藏自治区,墨脱,0.0
西藏自治区,萨嘎,0.0
陕西省,镇坪,0.0
新疆维吾尔自治区,民丰,0.0
山西省,翼城,0.0
内蒙古自治区,集宁,0.0
内蒙古自治区,突泉,0.0
辽宁省,旅顺,0.0
浙江省,海曙,0.0
河南省,叶县,0.0
湖北省,赤壁,0.0
湖南省,临澧,0.0
湖南省,桃源,0.0
云南省,元江,0.0
陕西省,武功,0.0
甘肃省,张掖,0.0
甘肃省,舟曲,0.0
青海省,互助,0.0
新疆维吾尔自治区,沙雅,0.0
河北省,元氏,0.0
黑龙江省,大庆,0.0
浙江省,温州,0.0
贵州省,湄潭,0.0
云南省,芒市,0.0
云南省,六库,0.0
甘肃省,宁县,0.0
河北省,海兴,0.0
河北省,平乡,0.0
山西省,岢岚,0.0
内蒙古自治区,高力板,0.0
内蒙古自治区,乌拉特中旗,0.0
内蒙古自治区,朱日和,0.0
安徽省,太湖,0.0
湖北省,云梦,0.0
四川省,达川,0.0
四川省,盐源,0.0
云南省,富宁,0.0
云南省,金平,0.0
云南省,彝良,0.0
陕西省,汉中,0.0
甘肃省,泾川,0.0
河北省,霸州,0.0
河北省,成安,0.0
河北省,肥乡,0.0
山西省,盂县,0.0
山西省,岚县,0.0
内蒙古自治区,巴雅尔吐胡硕,0.0
安徽省,绩溪,0.0
江西省,永修,0.0
山东省,莱西,0.0
河南省,民权,0.0
河南省,汤阴,0.0
河南省,虞城,0.0
湖北省,南漳,0.0
湖南省,桑植,0.0
四川省,邛崃,0.0
云南省,东川,0.0
云南省,华宁,0.0
青海省,乐都,0.0
河北省,定州,0.0
河北省,武邑,0.0
河北省,香河,0.0
吉林省,长白,0.0
江苏省,扬中,0.0
安徽省,淮南,0.0
河南省,郑州,0.0
河南省,邓州,0.0
海南省,白沙,0.0
西藏自治区,定日,0.0
青海省,大柴旦,0.0
山西省,五台山,0.0
山西省,运城,0.0
内蒙古自治区,包头,0.0
吉林省,白城,0.0
黑龙江省,萝北,0.0
安徽省,太和,0.0
福建省,长乐,0.0
福建省,龙海,0.0
山东省,沂源,0.0
湖南省,临湘,0.0
云南省,马龙,0.0
西藏自治区,拉萨,0.0
西藏自治区,类乌齐,0.0
陕西省,咸阳,0.0
青海省,治多,0.0
新疆维吾尔自治区,焉耆,0.0
黑龙江省,海伦,0.0
浙江省,奉化,0.0
浙江省,普陀,0.0
江西省,大余,0.0
江西省,于都,0.0
河南省,西华,0.0
湖南省,长沙县,0.0
四川省,喜德,0.0
陕西省,汉阴,0.0
陕西省,合阳,0.0
宁夏回族自治区,灵武,0.0
内蒙古自治区,莫力达瓦旗,0.0
江西省,宁都,0.0
山东省,诸城,0.0
海南省,三亚,0.0
四川省,中江,0.0
云南省,沧源,0.0
云南省,梁河,0.0
西藏自治区,珠峰大本营,0.0
河北省,唐山,0.0
内蒙古自治区,东胜,0.0
湖南省,茶陵,0.0
湖南省,桂阳,0.0
四川省,古蔺,0.0
云南省,峨山,0.0
云南省,云龙,0.0
甘肃省,庄浪,0.0
福建省,云霄,0.0
山东省,莱州,0.0
河南省,台前,0.0
湖南省,石门,0.0
内蒙古自治区,鄂伦春旗,0.0
内蒙古自治区,库伦旗,0.0
辽宁省,沈阳,0.0
江苏省,射阳,0.0
江西省,南丰,0.0
海南省,琼中,0.0
四川省,彭州,0.0
云南省,砚山,0.0
山西省,广灵,0.0
江西省,南昌,0.0
江西省,乐平,0.0
山东省,东营,0.0
湖北省,安陆,0.0
湖南省,双峰,0.0
重庆市,北碚,0.0
四川省,威远,0.0
贵州省,威宁,0.0
甘肃省,清水,0.0
山西省,怀仁,0.0
辽宁省,凌海,0.0
湖南省,芷江,0.0
广东省,斗门,0.0
西藏自治区,谢通门,0.0
甘肃省,灵台,0.0
新疆维吾尔自治区,和布克赛尔,0.0
山西省,平遥,0.0
辽宁省,北票,0.0
辽宁省,普兰店,0.0
安徽省,芜湖县,0.0
山东省,济阳,0.0
重庆市,大足,0.0
四川省,丹棱,0.0
西藏自治区,林周,0.0
宁夏回族自治区,固原,0.0
河北省,柏乡,0.0
河北省,平泉,0.0
内蒙古自治区,那仁宝力格,0.0
吉林省,农安,0.0
湖北省,老河口,0.0
湖南省,邵阳县,0.0
四川省,成都,0.0
四川省,峨边,0.0
四川省,兴文,0.0
青海省,天峻,0.0
宁夏回族自治区,石嘴山,0.0
新疆维吾尔自治区,伽师,0.0
山西省,安泽,0.0
内蒙古自治区,达尔罕茂明安联合旗,0.0
安徽省,凤台,0.0
山东省,台儿庄,0.0
山东省,鄄城,0.0
河南省,尉氏,0.0
湖南省,会同,0.0
四川省,乐至,0.0
北京市,昌平,0.0
河北省,怀安,0.0
辽宁省,葫芦岛,0.0
江苏省,洪泽,0.0
浙江省,金华,0.0
山东省,垦利,0.0
山东省,莘县,0.0
广东省,普宁,0.0
重庆市,永川,0.0
云南省,楚雄,0.0
宁夏回族自治区,同心,0.0
山西省,高平,0.0
浙江省,安吉,0.0
江西省,芦溪,0.0
山东省,成武,0.0
广东省,惠阳（惠州）,0.0
广西壮族自治区,灌阳,0.0
重庆市,酉阳,0.0
西藏自治区,索县,0.0
甘肃省,安定,0.0
福建省,泰宁,0.0
山东省,莒县,0.0
河南省,鹤壁,0.0
河南省,汝州,0.0
湖南省,岳阳,0.0
云南省,江城,0.0
宁夏回族自治区,银川,0.0
安徽省,黄山区,0.0
安徽省,霍山,0.0
江西省,樟树,0.0
山东省,单县,0.0
湖南省,益阳,0.0
甘肃省,崆峒,0.0
新疆维吾尔自治区,柯坪,0.0
江苏省,邳州,0.0
浙江省,黄岩,0.0
四川省,南充,0.0
西藏自治区,江达,0.0
陕西省,白河,0.0
内蒙古自治区,鄂托克旗,0.0
江苏省,六合,0.0
安徽省,涡阳,0.0
江西省,弋阳,0.0
河南省,项城,0.0
河南省,新蔡,0.0
广东省,三水,0.0
广东省,阳春,0.0
云南省,广南,0.0
西藏自治区,萨迦,0.0
陕西省,延长,0.0
河北省,献县,0.0
山西省,吉县,0.0
山西省,稷山,0.0
内蒙古自治区,化德,0.0
浙江省,嵊泗,0.0
河南省,襄城,0.0
四川省,前锋,0.0
四川省,越西,0.0
甘肃省,临洮,0.0
甘肃省,夏河,0.0
河北省,秦皇岛,0.0
山西省,阳泉,0.0
辽宁省,本溪,0.0
黑龙江省,鹤岗,0.0
江苏省,宝应,0.0
江苏省,如皋,0.0
福建省,大田,0.0
河南省,宝丰,0.0
海南省,临高,0.0
西藏自治区,札达,0.0
陕西省,长安,0.0
青海省,平安,0.0
河北省,临城,0.0
内蒙古自治区,富河,0.0
吉林省,珲春,0.0
山东省,泰安,0.0
山东省,邹城,0.0
广东省,广州,0.0
广东省,化州,0.0
西藏自治区,扎囊,0.0
陕西省,兴平,0.0
陕西省,宜君,0.0
新疆维吾尔自治区,若羌,0.0
天津市,东丽,0.0
河北省,邢台,0.0
内蒙古自治区,四子王旗,0.0
内蒙古自治区,太仆寺旗,0.0
浙江省,嵊州,0.0
山东省,牟平,0.0
河北省,沙河,0.0
山西省,黎城,0.0
山西省,文水,0.0
吉林省,洮南,0.0
江苏省,句容,0.0
江西省,靖安,0.0
河南省,中牟,0.0
四川省,汉源,0.0
甘肃省,高台,0.0
河北省,安国,0.0
河北省,昌黎,0.0
辽宁省,康平,0.0
黑龙江省,泰来,0.0
江苏省,江阴,0.0
浙江省,庆元,0.0
安徽省,和县,0.0
江西省,广丰区,0.0
山东省,威海,0.0
湖北省,保康,0.0
湖南省,耒阳,0.0
广东省,南海（佛山）,0.0
四川省,乐山,0.0
贵州省,贵阳,0.0
云南省,景东,0.0
甘肃省,环县,0.0
河北省,临西,0.0
山西省,新绛,0.0
内蒙古自治区,商都,0.0
辽宁省,锦州,0.0
海南省,澄迈,0.0
陕西省,杨凌,0.0
北京市,朝阳,0.0
河北省,康保,0.0
山西省,夏县,0.0
山西省,榆社,0.0
上海市,青浦,0.0
安徽省,蒙城,0.0
江西省,崇义,0.0
江西省,高安,0.0
河南省,范县,0.0
河南省,清丰,0.0
青海省,祁连,0.0
内蒙古自治区,霍林郭勒,0.0
辽宁省,抚顺,0.0
安徽省,枞阳,0.0
山东省,枣庄,0.0
河南省,长葛,0.0
河南省,林州,0.0
广东省,深圳,0.0
陕西省,白水,0.0
陕西省,永寿,0.0
河北省,蔚县,0.0
山西省,清徐,0.0
辽宁省,大石桥,0.0
黑龙江省,鸡西,0.0
黑龙江省,孙吴,0.0
浙江省,淳安,0.0
山东省,陵城,0.0
山东省,五莲,0.0
四川省,旺苍,0.0
云南省,耿马,0.0
云南省,巧家,0.0
陕西省,王益,0.0
陕西省,泾阳,0.0
辽宁省,海城,0.0
吉林省,九台,0.0
吉林省,乾安,0.0
黑龙江省,东宁,0.0
黑龙江省,呼兰,0.0
江苏省,连云港,0.0
河南省,确山,0.0
陕西省,宝鸡,0.0
陕西省,蓝田,0.0
甘肃省,合水,0.0
河北省,故城,0.0
内蒙古自治区,宁城,0.0
辽宁省,盖州,0.0
上海市,宝山,0.0
福建省,崇武,0.0
江西省,龙南,0.0
重庆市,开州,0.0
四川省,夹江,0.0
云南省,昭通,0.0
陕西省,洛川,0.0
河北省,冀州,0.0
山西省,万荣,0.0
山西省,乡宁,0.0
福建省,宁化,0.0
河南省,宜阳,0.0
湖南省,张家界,0.0
陕西省,洛南,0.0
甘肃省,临泽,0.0
内蒙古自治区,阿鲁科尔沁旗,0.0
辽宁省,鞍山,0.0
江苏省,徐州,0.0
山东省,平邑,0.0
湖北省,新洲,0.0
四川省,泸县,0.0
云南省,墨江,0.0
陕西省,平利,0.0
河北省,任泽,0.0
山西省,大宁,0.0
山西省,祁县,0.0
江苏省,响水,0.0
山东省,薛城,0.0
河南省,洛阳,0.0
广东省,蕉岭,0.0
云南省,景洪,0.0
西藏自治区,申扎,0.0
陕西省,延安,0.0
陕西省,米脂,0.0
甘肃省,山丹,0.0
山西省,武乡,0.0
江苏省,楚州,0.0
浙江省,新昌,0.0
江西省,新干,0.0
湖北省,汉川,0.0
广东省,番禺,0.0
贵州省,贵定,0.0
西藏自治区,洛隆,0.0
陕西省,洋县,0.0
青海省,民和,0.0
青海省,湟源,0.0
河北省,深泽,0.0
山西省,代县,0.0
内蒙古自治区,希拉穆仁,0.0
黑龙江省,克东,0.0
安徽省,来安,0.0
福建省,寿宁,0.0
江西省,宜丰,0.0
山东省,石岛,0.0
河南省,新密,0.0
湖北省,宜昌,0.0
四川省,自贡,0.0
四川省,白玉,0.0
四川省,蒲江,0.0
四川省,泸定,0.0
贵州省,开阳,0.0
贵州省,松桃,0.0
甘肃省,肃南,0.0
澳门特别行政区,澳门,0.0
黑龙江省,甘南,0.0
江苏省,常州,0.0
江苏省,东台,0.0
西藏自治区,巴青,0.0
陕西省,城固,0.0
陕西省,靖边,0.0
山西省,晋城,0.0
内蒙古自治区,岗子,0.0
黑龙江省,双城,0.0
江西省,萍乡,0.0
河南省,舞钢,0.0
海南省,五指山,0.0
四川省,石棉,0.0
西藏自治区,八宿,0.0
陕西省,三原,0.0
甘肃省,敦煌,0.0
青海省,泽库,0.0
山西省,交城,0.0
福建省,德化,0.0
河南省,新郑,0.0
湖南省,桂东,0.0
云南省,德钦,0.0
陕西省,佳县,0.0
甘肃省,甘谷,0.0
青海省,同德,0.0
河北省,吴桥,0.0
内蒙古自治区,翁牛特旗,0.0
内蒙古自治区,扎兰屯,0.0
福建省,清流,0.0
江西省,吉水,0.0
江西省,万载,0.0
山东省,沾化,0.0
河南省,柘城,0.0
湖北省,恩施,0.0
湖南省,慈利,0.0
四川省,稻城,0.0
新疆维吾尔自治区,岳普湖,0.0
新疆维吾尔自治区,泽普,0.0
山西省,阳曲,0.0
吉林省,榆树,0.0
江苏省,宿迁,0.0
浙江省,北仑,0.0
安徽省,东至,0.0
江西省,广昌,0.0
山东省,庆云,0.0
河南省,南阳,0.0
湖北省,蔡甸,0.0
湖北省,竹山,0.0
湖南省,南岳,0.0
广东省,肇庆,0.0
重庆市,合川,0.0
四川省,遂宁,0.0
四川省,叙永,0.0
云南省,威信,0.0
云南省,西盟,0.0
云南省,宜良,0.0
陕西省,陈仓,0.0
陕西省,子洲,0.0
甘肃省,景泰,0.0
青海省,都兰,0.0
青海省,化隆,0.0
山西省,襄垣,0.0
山西省,阳高,0.0
辽宁省,宽甸,0.0
安徽省,繁昌,0.0
河南省,原阳,0.0
四川省,北川,0.0
四川省,彭山,0.0
陕西省,眉县,0.0
陕西省,吴起,0.0
宁夏回族自治区,吴忠,0.0
新疆维吾尔自治区,鄯善,0.0
山西省,五寨,0.0
内蒙古自治区,乌兰浩特,0.0
浙江省,洞头,0.0
浙江省,常山,0.0
安徽省,休宁,0.0
江西省,黎川,0.0
河南省,新乡,0.0
河南省,伊川,0.0
广东省,河源,0.0
云南省,绿春,0.0
甘肃省,金塔,0.0
甘肃省,民乐,0.0
青海省,达日,0.0
宁夏回族自治区,西吉,0.0
河北省,大城,0.0
河北省,望都,0.0
河北省,新乐,0.0
山西省,古县,0.0
内蒙古自治区,阿拉善右旗,0.0
内蒙古自治区,科尔沁左翼中旗,0.0
山东省,沂南,0.0
广东省,潮州,0.0
广东省,恩平,0.0
广东省,新会（江门）,0.0
四川省,罗江,0.0
陕西省,凤翔,0.0
陕西省,镇安,0.0
山西省,兴县,0.0
浙江省,青田,0.0
山东省,阳谷,0.0
山东省,淄川,0.0
山东省,崂山,0.0
河南省,驻马店,0.0
广东省,开平,0.0
重庆市,沙坪坝,0.0
陕西省,安塞,0.0
宁夏回族自治区,盐池,0.0
北京市,顺义,0.0
辽宁省,盘锦,0.0
黑龙江省,肇东,0.0
浙江省,长兴,0.0
浙江省,乐清,0.0
浙江省,三门,0.0
福建省,浦城,0.0
山东省,安丘,0.0
山东省,荣成,0.0
西藏自治区,南木林,0.0
甘肃省,西峰,0.0
浙江省,临海,0.0
湖北省,建始,0.0
广东省,东莞,0.0
甘肃省,广河,0.0
河北省,邯郸,0.0
河北省,乐亭,0.0
山东省,河口,0.0
山东省,周村,0.0
广东省,增城,0.0
四川省,双流,0.0
陕西省,甘泉,0.0
甘肃省,岷县,0.0
河北省,无极,0.0
河北省,永清,0.0
山西省,石楼,0.0
内蒙古自治区,舍伯吐,0.0
黑龙江省,富锦,0.0
江苏省,丹阳,0.0
江苏省,沛县,0.0
江西省,金溪,0.0
湖南省,衡山,0.0
四川省,广安区,0.0
四川省,珙县,0.0
青海省,称多,0.0
新疆维吾尔自治区,伊吾,0.0
河北省,涿鹿,0.0
辽宁省,丹东,0.0
浙江省,镇海,0.0
山东省,金乡,0.0
广东省,顺德,0.0
广西壮族自治区,涠洲岛,0.0
西藏自治区,安多,0.0
西藏自治区,琼结,0.0
陕西省,岐山,0.0
青海省,班玛,0.0
新疆维吾尔自治区,库尔勒,0.0
内蒙古自治区,根河,0.0
上海市,浦东,0.0
江西省,婺源,0.0
山东省,费县,0.0
山东省,寿光,0.0
湖北省,通山,0.0
广东省,徐闻,0.0
四川省,盐边,0.0
云南省,永德,0.0
北京市,丰台,0.0
江苏省,泰兴,0.0
安徽省,安庆,0.0
江西省,安义,0.0
山东省,黄岛,0.0
河南省,登封,0.0
河南省,遂平,0.0
河南省,延津,0.0
四川省,德阳,0.0
陕西省,略阳,0.0
陕西省,南郑,0.0
甘肃省,庆城,0.0
青海省,同仁,0.0
河北省,肃宁,0.0
山西省,平鲁,0.0
安徽省,肥西,0.0
安徽省,宁国,0.0
山东省,长岛,0.0
河南省,许昌,0.0
广东省,曲江,0.0
贵州省,万山,0.0
云南省,个旧,0.0
甘肃省,嘉峪关,0.0
青海省,杂多,0.0
新疆维吾尔自治区,阿克陶,0.0
内蒙古自治区,丰镇,0.0
江苏省,大丰,0.0
河南省,西峡,0.0
湖南省,安化,0.0
湖南省,绥宁,0.0
广东省,兴宁,0.0
重庆市,渝北,0.0
四川省,德格,0.0
四川省,阆中,0.0
宁夏回族自治区,惠农,0.0
河北省,张家口,0.0
河北省,卢龙,0.0
河北省,迁安,0.0
内蒙古自治区,奈曼旗,0.0
辽宁省,阜新,0.0
黑龙江省,同江,0.0
安徽省,蚌埠,0.0
江西省,玉山,0.0
江西省,广信区,0.0
江西省,井冈山,0.0
河南省,嵩县,0.0
湖北省,红安,0.0
四川省,宜宾,0.0
甘肃省,康县,0.0
新疆维吾尔自治区,巴楚,0.0
新疆维吾尔自治区,铁干里克,0.0
山西省,娄烦,0.0
内蒙古自治区,察哈尔右翼中旗,0.0
内蒙古自治区,开鲁,0.0
江苏省,灌南,0.0
浙江省,磐安,0.0
江西省,铜鼓,0.0
山东省,广饶,0.0
湖南省,常德,0.0
湖南省,衡南,0.0
湖南省,麻阳,0.0
四川省,荥经,0.0
西藏自治区,聂拉木,0.0
陕西省,临潼,0.0
宁夏回族自治区,贺兰,0.0
山西省,灵石,0.0
山西省,孝义,0.0
内蒙古自治区,大佘太,0.0
吉林省,永吉,0.0
河南省,浚县,0.0
湖北省,嘉鱼,0.0
云南省,大姚,0.0
云南省,鲁甸,0.0
宁夏回族自治区,中卫,0.0
内蒙古自治区,土默特右旗,0.0
内蒙古自治区,乌审召,0.0
吉林省,梨树,0.0
上海市,南汇,0.0
浙江省,杭州,0.0
浙江省,景宁,0.0
江西省,景德镇,0.0
山东省,夏津,0.0
青海省,海晏,0.0
河北省,黄骅,0.0
河北省,蠡县,0.0
内蒙古自治区,阿尔山,0.0
内蒙古自治区,杭锦旗,0.0
黑龙江省,阿城,0.0
黑龙江省,抚远,0.0
黑龙江省,绥棱,0.0
安徽省,肥东,0.0
安徽省,庐江,0.0
江西省,资溪,0.0
湖南省,长沙市,0.0
云南省,丘北,0.0
青海省,玛多,0.0
河北省,井陉,0.0
山西省,临汾,0.0
江苏省,无锡,0.0
福建省,平和,0.0
江西省,崇仁,0.0
江西省,德兴,0.0
江西省,三清山,0.0
湖北省,襄阳,0.0
湖北省,宣恩,0.0
重庆市,綦江,0.0
四川省,康定,0.0
云南省,香格里拉,0.0
云南省,永平,0.0
西藏自治区,浪卡子,0.0
甘肃省,静宁,0.0
河北省,曲周,0.0
江西省,柴桑区,0.0
湖北省,荆门,0.0
四川省,金阳,0.0
四川省,天全,0.0
陕西省,吴堡,0.0
甘肃省,华池,0.0
宁夏回族自治区,泾源,0.0
山西省,灵丘,0.0
内蒙古自治区,多伦,0.0
浙江省,兰溪,0.0
浙江省,龙游,0.0
山东省,长清,0.0
云南省,江川,0.0
新疆维吾尔自治区,新和,0.0
天津市,大港,0.0
内蒙古自治区,二连浩特,0.0
吉林省,前郭,0.0
福建省,明溪,0.0
湖北省,房县,0.0
湖北省,武穴,0.0
四川省,峨眉,0.0
贵州省,德江,0.0
青海省,玉树,0.0
北京市,海淀,0.0
山西省,沁县,0.0
江苏省,阜宁,0.0
湖北省,黄石,0.0
广东省,连南,0.0
广西壮族自治区,兴安,0.0
广西壮族自治区,资源,0.0
重庆市,涪陵,0.0
贵州省,遵义,0.0
陕西省,留坝,0.0
河北省,青龙,0.0
河北省,辛集,0.0
浙江省,嘉善,0.0
江西省,瑞金,0.0
山东省,蒙阴,0.0
湖北省,大悟,0.0
广西壮族自治区,北海,0.0
四川省,西充,0.0
云南省,临沧,0.0
云南省,元阳,0.0
甘肃省,永昌,0.0
山西省,古交,0.0
内蒙古自治区,正蓝旗,0.0
安徽省,明光,0.0
湖北省,郧阳区,0.0
湖南省,邵阳市,0.0
广东省,平远,0.0
重庆市,云阳,0.0
辽宁省,盘山,0.0
辽宁省,本溪县,0.0
辽宁省,西丰,0.0
浙江省,平湖,0.0
江西省,余江,0.0
山东省,淄博,0.0
山东省,博山,0.0
河南省,固始,0.0
河北省,峰峰,0.0
河北省,永年,0.0
辽宁省,昌图,0.0
黑龙江省,肇州,0.0
江苏省,丰县,0.0
山东省,即墨,0.0
河南省,南乐,0.0
河南省,宁陵,0.0
广东省,佛冈,0.0
重庆市,南川,0.0
贵州省,汇川,0.0
云南省,文山,0.0
云南省,剑川,0.0
陕西省,千阳,0.0
甘肃省,徽县,0.0
内蒙古自治区,乌海,0.0
内蒙古自治区,正镶白旗,0.0
吉林省,靖宇,0.0
福建省,漳平,0.0
山东省,烟台,0.0
河南省,开封,0.0
湖南省,郴州,0.0
广东省,南雄,0.0
陕西省,横山,0.0
河北省,张北,0.0
内蒙古自治区,喀喇沁旗,0.0
黑龙江省,呼玛,0.0
浙江省,平阳,0.0
安徽省,定远,0.0
安徽省,望江,0.0
福建省,罗源,0.0
福建省,永定,0.0
广东省,阳江,0.0
内蒙古自治区,兴和,0.0
浙江省,永嘉,0.0
河南省,淅川,0.0
湖北省,蕲春,0.0
西藏自治区,帕里,0.0
陕西省,丹凤,0.0
甘肃省,麦积,0.0
内蒙古自治区,乌审旗,0.0
黑龙江省,齐齐哈尔,0.0
浙江省,文成,0.0
浙江省,永康,0.0
山东省,惠民,0.0
山东省,禹城,0.0
广西壮族自治区,田林,0.0
广西壮族自治区,西林,0.0
四川省,阿坝,0.0
四川省,五通桥,0.0
甘肃省,瓜州,0.0
内蒙古自治区,吉兰太,0.0
内蒙古自治区,青龙山,0.0
福建省,连江,0.0
河南省,滑县,0.0
海南省,定安,0.0
贵州省,修文,0.0
宁夏回族自治区,彭阳,0.0
内蒙古自治区,胡尔勒,0.0
内蒙古自治区,准格尔旗,0.0
辽宁省,绥中,0.0
吉林省,通榆,0.0
江苏省,涟水,0.0
安徽省,宿松,0.0
山东省,聊城,0.0
河南省,博爱,0.0
湖南省,汝城,0.0
湖南省,邵东,0.0
四川省,小金,0.0
山西省,宁武,0.0
内蒙古自治区,鄂托克前旗,0.0
黑龙江省,呼中,0.0
上海市,崇明,0.0
安徽省,黄山风景区,0.0
山东省,临沂,0.0
湖北省,阳新,0.0
四川省,南溪,0.0
贵州省,石阡,0.0
云南省,寻甸,0.0
山西省,忻州,0.0
山西省,原平,0.0
黑龙江省,桦川,0.0
江苏省,海门,0.0
浙江省,泰顺,0.0
江西省,东乡,0.0
山东省,泗水,0.0
广东省,汕头,0.0
四川省,崇州,0.0
四川省,资中,0.0
贵州省,务川,0.0
云南省,贡山,0.0
云南省,红河,0.0
河北省,滦南,0.0
河北省,栾城,0.0
山西省,偏关,0.0
上海市,嘉定,0.0
江西省,兴国,0.0
湖南省,安仁,0.0
四川省,邻水,0.0
西藏自治区,那曲,0.0
陕西省,宁强,0.0
陕西省,鄠邑,0.0
河北省,阳原,0.0
河北省,玉田,0.0
山西省,陵川,0.0
山西省,右玉,0.0
福建省,霞浦,0.0
江西省,铅山,0.0
河南省,商城,0.0
西藏自治区,措勤,0.0
西藏自治区,江孜,0.0
西藏自治区,芒康,0.0
西藏自治区,尼木,0.0
新疆维吾尔自治区,阿拉尔,0.0
新疆维吾尔自治区,阿克苏,0.0
山西省,汾阳,0.0
内蒙古自治区,扎赉特旗,0.0
江苏省,南通,0.0
山东省,章丘,0.0
广东省,鹤山,0.0
甘肃省,镇原,0.0
新疆维吾尔自治区,拜城,0.0
河北省,魏县,0.0
山东省,临淄,0.0
山东省,曲阜,0.0
河南省,临颍,0.0
河南省,沁阳,0.0
四川省,马边,0.0
四川省,沐川,0.0
贵州省,桐梓,0.0
天津市,蓟州,0.0
河北省,正定,0.0
内蒙古自治区,察哈尔右翼后旗,0.0
辽宁省,新民,0.0
福建省,闽清,0.0
河南省,武陟,0.0
湖南省,湘乡,0.0
贵州省,麻江,0.0
甘肃省,合作,0.0
甘肃省,西和,0.0
青海省,茫崖,0.0
宁夏回族自治区,海原,0.0
河北省,雄县,0.0
山西省,河曲,0.0
吉林省,蛟河,0.0
安徽省,宿州,0.0
安徽省,石台,0.0
山东省,滨州,0.0
河南省,郸城,0.0
河南省,南召,0.0
河南省,睢县,0.0
四川省,营山,0.0
陕西省,澄城,0.0
陕西省,华州,0.0
青海省,甘德,0.0
青海省,湟中,0.0
天津市,汉沽,0.0
辽宁省,喀左,0.0
辽宁省,鲅鱼圈,0.0
吉林省,德惠,0.0
黑龙江省,加格达奇,0.0
江西省,彭泽,0.0
山东省,齐河,0.0
湖南省,永兴,0.0
海南省,文昌,0.0
四川省,安岳,0.0
四川省,道孚,0.0
四川省,平武,0.0
四川省,石渠,0.0
四川省,宣汉,0.0
云南省,昆明,0.0
陕西省,麟游,0.0
河北省,丰南,0.0
内蒙古自治区,乌拉特前旗,0.0
黑龙江省,逊克,0.0
安徽省,五河,0.0
湖北省,公安,0.0
湖北省,洪湖,0.0
贵州省,施秉,0.0
河北省,广宗,0.0
河北省,威县,0.0
内蒙古自治区,乌拉特后旗,0.0
黑龙江省,讷河,0.0
福建省,福鼎,0.0
江西省,安福,0.0
江西省,修水,0.0
湖北省,仙桃,0.0
湖北省,江夏,0.0
湖北省,英山,0.0
云南省,勐腊,0.0
西藏自治区,曲松,0.0
陕西省,榆林,0.0
甘肃省,通渭,0.0
甘肃省,正宁,0.0
河北省,衡水,0.0
河北省,安新,0.0
山西省,临县,0.0
吉林省,梅河口,0.0
安徽省,濉溪,0.0
福建省,宁德,0.0
山东省,峄城,0.0
湖南省,衡东,0.0
广东省,饶平,0.0
广东省,罗定,0.0
贵州省,印江,0.0
云南省,漾濞,0.0
西藏自治区,洛扎,0.0
新疆维吾尔自治区,精河,0.0
吉林省,集安,0.0
黑龙江省,嫩江,0.0
安徽省,长丰,0.0
福建省,南靖,0.0
山东省,莒南,0.0
湖南省,吉首,0.0
重庆市,长寿,0.0
四川省,冕宁,0.0
河北省,曹妃甸,0.0
内蒙古自治区,伊和乌素,0.0
山东省,邹平,0.0
广东省,梅县（梅州）,0.0
四川省,龙泉驿,0.0
云南省,巍山,0.0
云南省,泸西,0.0
甘肃省,肃北,0.0
内蒙古自治区,额尔古纳,0.0
江苏省,镇江,0.0
安徽省,阜阳,0.0
山东省,商河,0.0
山东省,兖州,0.0
河南省,禹州,0.0
湖北省,神农架,0.0
湖北省,枣阳,0.0
四川省,峨眉山,0.0
河北省,赞皇,0.0
辽宁省,开原,0.0
黑龙江省,新林,0.0
江苏省,江宁,0.0
浙江省,宁海,0.0
浙江省,东阳,0.0
河南省,光山,0.0
河南省,桐柏,0.0
河南省,新县,0.0
湖南省,洞口,0.0
湖南省,冷水江,0.0
四川省,江安,0.0
四川省,美姑,0.0
四川省,郫都,0.0
西藏自治区,达孜,0.0
河北省,青县,0.0
河北省,枣强,0.0
内蒙古自治区,凉城,0.0
吉林省,双辽,0.0
浙江省,苍南,0.0
浙江省,柯桥,0.0
浙江省,玉环,0.0
安徽省,宣城,0.0
广东省,海丰,0.0
海南省,屯昌,0.0
四川省,金川,0.0
西藏自治区,泽当,0.0
陕西省,府谷,0.0
陕西省,勉县,0.0
甘肃省,武山,0.0
青海省,乌兰,0.0
新疆维吾尔自治区,乌恰,0.0
山西省,平陆,0.0
内蒙古自治区,八里罕,0.0
安徽省,黄山市,0.0
江西省,吉安,0.0
江西省,奉新,0.0
湖南省,隆回,0.0
云南省,弥渡,0.0
青海省,共和,0.0
青海省,大通,0.0
河北省,新河,0.0
山西省,阳城,0.0
内蒙古自治区,土默特左旗,0.0
安徽省,潜山,0.0
江西省,浮梁,0.0
江西省,武宁,0.0
湖南省,汉寿,0.0
四川省,理塘,0.0
四川省,理县,0.0
贵州省,余庆,0.0
吉林省,和龙,0.0
黑龙江省,汤旺,0.0
浙江省,浦江,0.0
山东省,鱼台,0.0
河南省,舞阳,0.0
湖北省,长阳,0.0
湖北省,鹤峰,0.0
湖北省,黄梅,0.0
湖南省,冷水滩,0.0
湖南省,新宁,0.0
重庆市,万盛,0.0
四川省,广元,0.0
西藏自治区,仲巴,0.0
陕西省,蒲城,0.0
陕西省,岚皋,0.0
河北省,磁县,0.0
山西省,昔阳,0.0
内蒙古自治区,克什克腾旗,0.0
吉林省,抚松,0.0
江苏省,仪征,0.0
浙江省,嘉兴,0.0
浙江省,绍兴,0.0
河南省,封丘,0.0
河南省,商水,0.0
河南省,社旗,0.0
湖北省,崇阳,0.0
湖南省,攸县,0.0
河北省,廊坊,0.0
河北省,邱县,0.0
江苏省,高邮,0.0
江西省,乐安,0.0
湖南省,东安,0.0
四川省,黑水,0.0
云南省,保山,0.0
云南省,通海,0.0
新疆维吾尔自治区,阿瓦提,0.0
河北省,滦州,0.0
吉林省,伊通,0.0
江苏省,海安,0.0
安徽省,当涂,0.0
福建省,南平,0.0
福建省,顺昌,0.0
江西省,安远,0.0
河南省,三门峡,0.0
河南省,温县,0.0
河南省,杞县,0.0
湖北省,黄陂,0.0
湖南省,洪江,0.0
重庆市,武隆,0.0
云南省,陇川,0.0
黑龙江省,杜尔伯特,0.0
河南省,兰考,0.0
河南省,罗山,0.0
重庆市,石柱,0.0
四川省,会东,0.0
四川省,宁南,0.0
云南省,盐津,0.0
西藏自治区,比如,0.0
陕西省,清涧,0.0
甘肃省,武威,0.0
北京市,北京,0.0
河北省,三河,0.0
山西省,天镇,0.0
黑龙江省,海林,0.0
浙江省,德清,0.0
河南省,淮滨,0.0
河南省,鲁山,0.0
广东省,翁源,0.0
西藏自治区,朗县,0.0
陕西省,商州,0.0
青海省,西宁,0.0
天津市,津南,0.0
吉林省,桦甸,0.0
江苏省,张家港,0.0
江西省,余干,0.0
山东省,桓台,0.0
广东省,仁化,0.0
重庆市,彭水,0.0
四川省,米易,0.0
陕西省,紫阳,0.0
河北省,迁西,0.0
山西省,大同,0.0
山西省,垣曲,0.0
辽宁省,清原,0.0
江苏省,浦口,0.0
浙江省,江山,0.0
福建省,诏安,0.0
江西省,定南,0.0
山东省,德州,0.0
山东省,巨野,0.0
湖北省,监利,0.0
湖北省,郧西,0.0
湖南省,江永,0.0
广东省,廉江,0.0
西藏自治区,桑日,0.0
甘肃省,东乡,0.0
山西省,平定,0.0
山西省,隰县,0.0
上海市,闵行,0.0
福建省,福安,0.0
福建省,连城,0.0
山东省,日照,0.0
湖北省,天门,0.0
广东省,澄海,0.0
贵州省,玉屏,0.0
云南省,施甸,0.0
宁夏回族自治区,平罗,0.0
新疆维吾尔自治区,吐鲁番,0.0
河北省,固安,0.0
河北省,平山,0.0
内蒙古自治区,赤峰,0.0
吉林省,公主岭,0.0
江苏省,溧水,0.0
江西省,庐山市,0.0
湖北省,谷城,0.0
四川省,内江,0.0
西藏自治区,革吉,0.0
北京市,怀柔,0.0
山西省,太原,0.0
山西省,方山,0.0
吉林省,四平,0.0
浙江省,衢州,0.0
江西省,宜黄,0.0
湖北省,秭归,0.0
重庆市,潼南,0.0
四川省,富顺,0.0
四川省,宜宾县,0.0
云南省,玉溪,0.0
云南省,石林,0.0
西藏自治区,曲水,0.0
新疆维吾尔自治区,喀什,0.0
河北省,高邑,0.0
吉林省,临江,0.0
黑龙江省,丰林,0.0
江苏省,赣榆,0.0
山东省,莱阳,0.0
湖南省,永顺,0.0
广东省,英德,0.0
四川省,犍为,0.0
云南省,澜沧,0.0
云南省,元谋,0.0
河北省,高碑店,0.0
河北省,孟村,0.0
内蒙古自治区,苏尼特左旗,0.0
湖北省,巴东,0.0
广东省,梅州,0.0
海南省,琼海,0.0
西藏自治区,堆龙德庆,0.0
河北省,赵县,0.0
内蒙古自治区,西乌珠穆沁旗,0.0
吉林省,磐石,0.0
福建省,延平,0.0
河南省,方城,0.0
广东省,高要（肇庆）,0.0
海南省,西沙,0.0
贵州省,习水,0.0
陕西省,富平,0.0
甘肃省,碌曲,0.0
山西省,曲沃,0.0
黑龙江省,拜泉,0.0
安徽省,岳西,0.0
福建省,厦门,0.0
福建省,柘荣,0.0
湖南省,平江,0.0
广东省,丰顺,0.0
海南省,儋州,0.0
四川省,眉山,0.0
四川省,炉霍,0.0
云南省,澄江,0.0
云南省,南涧,0.0
陕西省,铜川,0.0
内蒙古自治区,东乌珠穆沁旗,0.0
浙江省,武义,0.0
安徽省,郎溪,0.0
福建省,福州,0.0
福建省,三明,0.0
福建省,闽侯,0.0
四川省,筠连,0.0
云南省,兰坪,0.0
甘肃省,天水,0.0
甘肃省,武都,0.0
天津市,北辰,0.0
河北省,赤城,0.0
河北省,涿州,0.0
辽宁省,辽阳县,0.0
山东省,博兴,0.0
山东省,临沭,0.0
河南省,漯河,0.0
河南省,鹿邑,0.0
湖北省,石首,0.0
湖南省,凤凰,0.0
湖南省,嘉禾,0.0
云南省,镇康,0.0
陕西省,子长,0.0
黑龙江省,安达,0.0
浙江省,天台,0.0
福建省,建宁,0.0
山东省,郯城,0.0
湖北省,宜都,0.0
广东省,潮阳,0.0
广东省,始兴,0.0
重庆市,璧山,0.0
云南省,瑞丽,0.0
陕西省,凤县,0.0
陕西省,佛坪,0.0
陕西省,宁陕,0.0
青海省,贵德,0.0
河北省,石家庄,0.0
河北省,鸡泽,0.0
内蒙古自治区,乌拉盖,0.0
浙江省,龙泉,0.0
安徽省,寿县,0.0
山东省,临邑,0.0
河南省,偃师,0.0
广东省,湛江,0.0
四川省,温江,0.0
贵州省,播州,0.0
河北省,武安,0.0
内蒙古自治区,清水河,0.0
江苏省,启东,0.0
江苏省,宜兴,0.0
山东省,菏泽,0.0
河南省,太康,0.0
湖南省,湘潭,0.0
湖南省,古丈,0.0
重庆市,奉节,0.0
四川省,绵阳,0.0
云南省,太华山,0.0
西藏自治区,隆子,0.0
甘肃省,成县,0.0
山西省,平顺,0.0
吉林省,长岭,0.0
江苏省,灌云,0.0
江西省,上犹,0.0
江西省,万安,0.0
河南省,商丘,0.0
湖南省,双牌,0.0
山西省,浑源,0.0
内蒙古自治区,杭锦后旗,0.0
辽宁省,凤城,0.0
吉林省,东丰,0.0
山东省,定陶,0.0
重庆市,巫溪,0.0
云南省,安宁,0.0
云南省,大关,0.0
云南省,华坪,0.0
西藏自治区,定结,0.0
陕西省,石泉,0.0
山西省,繁峙,0.0
内蒙古自治区,科尔沁右翼中旗,0.0
黑龙江省,肇源,0.0
浙江省,义乌,0.0
福建省,秀屿,0.0
山东省,平阴,0.0
河南省,泌阳,0.0
广东省,汕尾,0.0
四川省,巴塘,0.0
贵州省,江口,0.0
河北省,宽城,0.0
浙江省,海盐,0.0
福建省,永泰,0.0
山东省,乐陵,0.0
重庆市,铜梁,0.0
四川省,都江堰,0.0
四川省,芦山,0.0
云南省,勐海,0.0
新疆维吾尔自治区,麦盖提,0.0
内蒙古自治区,阿拉善左旗,0.0
安徽省,金寨,0.0
福建省,晋江,0.0
福建省,福清,0.0
湖北省,十堰,0.0
湖南省,城步,0.0
海南省,万宁,0.0
四川省,巴中,0.0
四川省,布拖,0.0
云南省,建水,0.0
河北省,承德,0.0
山西省,汾西,0.0
内蒙古自治区,达拉特旗,0.0
内蒙古自治区,科尔沁左翼后旗,0.0
福建省,南安,0.0
江西省,会昌,0.0
江西省,南城,0.0
江西省,全南,0.0
河南省,获嘉,0.0
湖南省,汨罗,0.0
广东省,连平,0.0
四川省,九寨沟,0.0
西藏自治区,嘉黎,0.0
西藏自治区,拉孜,0.0
青海省,格尔木,0.0
新疆维吾尔自治区,和田,0.0
天津市,西青,0.0
辽宁省,新宾,0.0
辽宁省,建昌,0.0
黑龙江省,五大连池,0.0
浙江省,余姚,0.0
河南省,淇县,0.0
湖南省,泸溪,0.0
内蒙古自治区,海力素,0.0
江苏省,淮安,0.0
江苏省,金坛,0.0
安徽省,颍上,0.0
山东省,济南,0.0
广东省,惠来,0.0
广东省,乳源,0.0
甘肃省,临夏,0.0
甘肃省,民勤,0.0
辽宁省,金州,0.0
福建省,松溪,0.0
山东省,梁山,0.0
河南省,安阳,0.0
重庆市,荣昌,0.0
四川省,青神,0.0
西藏自治区,改则,0.0
甘肃省,玛曲,0.0
北京市,门头沟,0.0
天津市,宝坻,0.0
辽宁省,大连,0.0
吉林省,汪清,0.0
江苏省,昆山,0.0
江苏省,睢宁,0.0
安徽省,滁州,0.0
江西省,赣州,0.0
江西省,永新,0.0
山东省,高青,0.0
河南省,郏县,0.0
湖南省,宁乡,0.0
广东省,江门,0.0
重庆市,万州,0.0
四川省,甘洛,0.0
四川省,射洪,0.0
云南省,富民,0.0
西藏自治区,樟木,0.0
陕西省,扶风,0.0
新疆维吾尔自治区,和硕,0.0
北京市,大兴,0.0
河北省,任丘,0.0
河北省,隆化,0.0
河北省,行唐,0.0
山西省,晋中,0.0
山西省,蒲县,0.0
内蒙古自治区,林西,0.0
内蒙古自治区,武川,0.0
辽宁省,朝阳,0.0
吉林省,通化县,0.0
福建省,仙游,0.0
山东省,青岛,0.0
山东省,滕州,0.0
湖南省,花垣,0.0
陕西省,礼泉,0.0
甘肃省,张家川,0.0
宁夏回族自治区,隆德,0.0
新疆维吾尔自治区,巴音布鲁克,0.0
河北省,曲阳,0.0
山西省,浮山,0.0
吉林省,镇赉,0.0
安徽省,淮北,0.0
湖北省,随州,0.0
湖南省,道县,0.0
四川省,蓬安,0.0
甘肃省,漳县,0.0
河北省,丰润,0.0
河北省,顺平,0.0
山西省,静乐,0.0
内蒙古自治区,巴彦诺日公,0.0
浙江省,海宁,0.0
河南省,正阳,0.0
湖南省,新晃,0.0
云南省,嵩明,0.0
甘肃省,康乐,0.0
新疆维吾尔自治区,皮山,0.0
河北省,馆陶,0.0
辽宁省,灯塔,0.0
江西省,上饶,0.0
山东省,潍坊,0.0
山东省,临清,0.0
湖北省,荆州,0.0
广东省,电白,0.0
四川省,隆昌,0.0
四川省,青川,0.0
云南省,宁蒗,0.0
新疆维吾尔自治区,且末,0.0
天津市,武清,0.0
黑龙江省,宁安,0.0
江西省,南昌县,0.0
江西省,永丰,0.0
河南省,淮阳,0.0
四川省,屏山,0.0
甘肃省,文县,0.0
内蒙古自治区,新巴尔虎右旗,0.0
吉林省,扶余,0.0
黑龙江省,林口,0.0
山东省,青州,0.0
河南省,焦作,0.0
湖北省,潜江,0.0
湖北省,竹溪,0.0
湖南省,龙山,0.0
湖南省,湘阴,0.0
甘肃省,华亭,0.0
北京市,平谷,0.0
福建省,长汀,0.0
江西省,信丰,0.0
四川省,简阳,0.0
四川省,南部,0.0
云南省,丽江,0.0
西藏自治区,贡嘎,0.0
陕西省,柞水,0.0
新疆维吾尔自治区,达坂城,0.0
内蒙古自治区,固阳,0.0
内蒙古自治区,伊金霍洛旗,0.0
黑龙江省,望奎,0.0
江苏省,苏州,0.0
浙江省,丽水,0.0
江西省,新建,0.0
湖北省,罗田,0.0
海南省,海口,0.0
贵州省,三穗,0.0
云南省,武定,0.0
云南省,新平,0.0
新疆维吾尔自治区,莎车,0.0
河北省,河间,0.0
河北省,饶阳,0.0
内蒙古自治区,察哈尔右翼前旗,0.0
辽宁省,铁岭,0.0
吉林省,图们,0.0
黑龙江省,牡丹江,0.0
湖南省,涟源,0.0
甘肃省,兰州,0.0
山西省,山阴,0.0
内蒙古自治区,巴林左旗,0.0
福建省,长泰,0.0
山东省,龙口,0.0
山东省,郓城,0.0
湖南省,望城区,0.0
湖南省,靖州,0.0
广东省,花都,0.0
云南省,开远,0.0
甘肃省,礼县,0.0
吉林省,延吉,0.0
吉林省,双阳,0.0
福建省,周宁,0.0
江西省,上高,0.0
湖北省,武汉,0.0
湖北省,咸丰,0.0
湖南省,宁远,0.0
湖南省,祁阳,0.0
湖南省,资兴,0.0
西藏自治区,波密,0.0
甘肃省,靖远,0.0
内蒙古自治区,河南,0.0
辽宁省,建平,0.0
山东省,临朐,0.0
湖北省,大冶,0.0
湖南省,临武,0.0
广东省,南澳,0.0
广东省,新兴,0.0
海南省,中沙,0.0
贵州省,瓮安,0.0
云南省,龙陵,0.0
内蒙古自治区,满洲里,0.0
吉林省,舒兰,0.0
江苏省,南京,0.0
浙江省,衢江,0.0
江西省,九江,0.0
河南省,扶沟,0.0
河南省,洛宁,0.0
湖南省,保靖,0.0
四川省,大英,0.0
西藏自治区,普兰,0.0
甘肃省,古浪,0.0
河北省,涉县,0.0
浙江省,龙港,0.0
浙江省,桐庐,0.0
福建省,平潭,0.0
山东省,宁津,0.0
湖北省,三峡,0.0
湖北省,应城,0.0
广东省,揭阳,0.0
云南省,弥勒,0.0
西藏自治区,当雄,0.0
甘肃省,皋兰,0.0
青海省,贵南,0.0
山西省,长治,0.0
辽宁省,辽中,0.0
辽宁省,义县,0.0
辽宁省,彰武,0.0
江苏省,江都,0.0
安徽省,芜湖,0.0
湖北省,通城,0.0
湖南省,永州,0.0
四川省,泸州,0.0
四川省,安州,0.0
四川省,茂县,0.0
青海省,刚察,0.0
新疆维吾尔自治区,策勒,0.0
新疆维吾尔自治区,温宿,0.0
安徽省,阜南,0.0
福建省,永春,0.0
山东省,福山,0.0
湖南省,南县,0.0
湖南省,浏阳,0.0
四川省,雅安,0.0
